ROS2_Clock,Topic_Name,Data_Keys,Value_0,Value_1,Value_2,Value_3
3462028026,/electrical/voltage,voltage_V,26.3925
3462028026,/electrical/current,current_A,0.96250
3462028026,/electrical/power,power_W,25.219
3462028026,/electrical/soc,soc_pct,67.7
3568830966,/electrical/voltage,voltage_V,26.4112
3568830966,/electrical/current,current_A,0.94425
3568830966,/electrical/power,power_W,24.944
3568830966,/electrical/soc,soc_pct,68.4
3675338029,/electrical/voltage,voltage_V,26.3800
3675338029,/electrical/current,current_A,0.94100
3675338029,/electrical/power,power_W,24.738
3675338029,/electrical/soc,soc_pct,67.2
3781199932,/electrical/voltage,voltage_V,26.4112
3781199932,/electrical/current,current_A,0.95100
3781199932,/electrical/power,power_W,24.719
3781199932,/electrical/soc,soc_pct,68.4
3888548851,/electrical/voltage,voltage_V,26.3800
3888548851,/electrical/current,current_A,0.96575
3888548851,/electrical/power,power_W,25.181
3888548851,/electrical/soc,soc_pct,67.2
3995712995,/electrical/voltage,voltage_V,26.3738
3995712995,/electrical/current,current_A,0.95825
3995712995,/electrical/power,power_W,25.263
3995712995,/electrical/soc,soc_pct,67.0
4102012872,/electrical/voltage,voltage_V,26.3837
4102012872,/electrical/current,current_A,0.95450
4102012872,/electrical/power,power_W,25.394
4102012872,/electrical/soc,soc_pct,67.3
4208586931,/electrical/voltage,voltage_V,26.3712
4208586931,/electrical/current,current_A,0.94900
4208586931,/electrical/power,power_W,25.275
4208586931,/electrical/soc,soc_pct,66.9
4315187931,/electrical/voltage,voltage_V,26.3775
4315187931,/electrical/current,current_A,0.94100
4315187931,/electrical/power,power_W,24.863
4315187931,/electrical/soc,soc_pct,67.1
4421181917,/electrical/voltage,voltage_V,26.3738
4421181917,/electrical/current,current_A,0.95775
4421181917,/electrical/power,power_W,24.906
4421181917,/electrical/soc,soc_pct,67.0
4527953863,/electrical/voltage,voltage_V,26.3987
4527953863,/electrical/current,current_A,0.96575
4527953863,/electrical/power,power_W,25.275
4527953863,/electrical/soc,soc_pct,67.9
4635517835,/electrical/voltage,voltage_V,26.3987
4635517835,/electrical/current,current_A,0.96450
4635517835,/electrical/power,power_W,25.006
4635517835,/electrical/soc,soc_pct,67.9
4741996049,/electrical/voltage,voltage_V,26.3738
4741996049,/electrical/current,current_A,0.94850
4741996049,/electrical/power,power_W,25.538
4741996049,/electrical/soc,soc_pct,67.0
4849119901,/electrical/voltage,voltage_V,26.3800
4849119901,/electrical/current,current_A,0.99400
4849119901,/electrical/power,power_W,25.488
4849119901,/electrical/soc,soc_pct,67.2
4955993890,/electrical/voltage,voltage_V,26.3525
4955993890,/electrical/current,current_A,0.96925
4955993890,/electrical/power,power_W,25.194
4955993890,/electrical/soc,soc_pct,66.2
5062846899,/electrical/voltage,voltage_V,26.3800
5062846899,/electrical/current,current_A,0.99100
5062846899,/electrical/power,power_W,25.869
5062846899,/electrical/soc,soc_pct,67.2
5169626951,/electrical/voltage,voltage_V,26.3863
5169626951,/electrical/current,current_A,0.95900
5169626951,/electrical/power,power_W,25.081
5169626951,/electrical/soc,soc_pct,67.4
5276684999,/electrical/voltage,voltage_V,26.3950
5276684999,/electrical/current,current_A,0.94850
5276684999,/electrical/power,power_W,25.294
5276684999,/electrical/soc,soc_pct,67.8
5383916139,/electrical/voltage,voltage_V,26.3950
5383916139,/electrical/current,current_A,0.98225
5383916139,/electrical/power,power_W,25.550
5383916139,/electrical/soc,soc_pct,67.8
5491081953,/electrical/voltage,voltage_V,26.3675
5491081953,/electrical/current,current_A,0.96750
5491081953,/electrical/power,power_W,25.569
5491081953,/electrical/soc,soc_pct,66.7
5597808837,/electrical/voltage,voltage_V,26.3987
5597808837,/electrical/current,current_A,0.96500
5597808837,/electrical/power,power_W,25.713
5597808837,/electrical/soc,soc_pct,67.9
5702831745,/electrical/voltage,voltage_V,26.3800
5702831745,/electrical/current,current_A,0.96575
5702831745,/electrical/power,power_W,25.344
5702831745,/electrical/soc,soc_pct,67.2
5810614109,/electrical/voltage,voltage_V,26.3925
5810614109,/electrical/current,current_A,0.94975
5810614109,/electrical/power,power_W,24.944
5810614109,/electrical/soc,soc_pct,67.7
5916862010,/electrical/voltage,voltage_V,26.3800
5916862010,/electrical/current,current_A,0.94550
5916862010,/electrical/power,power_W,25.213
5916862010,/electrical/soc,soc_pct,67.2
6023808002,/electrical/voltage,voltage_V,26.4013
6023808002,/electrical/current,current_A,0.96625
6023808002,/electrical/power,power_W,25.138
6023808002,/electrical/soc,soc_pct,68.0
6130331993,/electrical/voltage,voltage_V,26.3987
6130331993,/electrical/current,current_A,0.94050
6130331993,/electrical/power,power_W,25.506
6130331993,/electrical/soc,soc_pct,67.9
6236739158,/electrical/voltage,voltage_V,26.3863
6236739158,/electrical/current,current_A,0.95950
6236739158,/electrical/power,power_W,25.131
6236739158,/electrical/soc,soc_pct,67.4
6343891859,/electrical/voltage,voltage_V,26.3900
6343891859,/electrical/current,current_A,0.95150
6343891859,/electrical/power,power_W,25.419
6343891859,/electrical/soc,soc_pct,67.6
6450067043,/electrical/voltage,voltage_V,26.3925
6450067043,/electrical/current,current_A,0.94975
6450067043,/electrical/power,power_W,25.006
6450067043,/electrical/soc,soc_pct,67.7
6555099964,/electrical/voltage,voltage_V,26.4175
6555099964,/electrical/current,current_A,0.94650
6555099964,/electrical/power,power_W,25.444
6555099964,/electrical/soc,soc_pct,68.6
6661782979,/electrical/voltage,voltage_V,26.3712
6661782979,/electrical/current,current_A,0.95950
6661782979,/electrical/power,power_W,24.875
6661782979,/electrical/soc,soc_pct,66.9
6769227027,/electrical/voltage,voltage_V,26.3712
6769227027,/electrical/current,current_A,0.97125
6769227027,/electrical/power,power_W,24.925
6769227027,/electrical/soc,soc_pct,66.9
6874912023,/electrical/voltage,voltage_V,26.3900
6874912023,/electrical/current,current_A,0.94100
6874912023,/electrical/power,power_W,25.475
6874912023,/electrical/soc,soc_pct,67.6
6981604814,/electrical/voltage,voltage_V,26.4112
6981604814,/electrical/current,current_A,0.95650
6981604814,/electrical/power,power_W,25.088
6981604814,/electrical/soc,soc_pct,68.4
7087812900,/electrical/voltage,voltage_V,26.3950
7087812900,/electrical/current,current_A,0.97050
7087812900,/electrical/power,power_W,25.981
7087812900,/electrical/soc,soc_pct,67.8
7194879055,/electrical/voltage,voltage_V,26.3925
7194879055,/electrical/current,current_A,0.95400
7194879055,/electrical/power,power_W,24.906
7194879055,/electrical/soc,soc_pct,67.7
7302138805,/electrical/voltage,voltage_V,26.3675
7302138805,/electrical/current,current_A,0.96325
7302138805,/electrical/power,power_W,25.244
7302138805,/electrical/soc,soc_pct,66.7
7408953189,/electrical/voltage,voltage_V,26.3650
7408953189,/electrical/current,current_A,0.94975
7408953189,/electrical/power,power_W,25.725
7408953189,/electrical/soc,soc_pct,66.7
7516184806,/electrical/voltage,voltage_V,26.3900
7516184806,/electrical/current,current_A,0.93675
7516184806,/electrical/power,power_W,25.500
7516184806,/electrical/soc,soc_pct,67.6
7623466014,/electrical/voltage,voltage_V,26.3900
7623466014,/electrical/current,current_A,0.96875
7623466014,/electrical/power,power_W,24.844
7623466014,/electrical/soc,soc_pct,67.6
7729912042,/electrical/voltage,voltage_V,26.3837
7729912042,/electrical/current,current_A,0.94300
7729912042,/electrical/power,power_W,25.250
7729912042,/electrical/soc,soc_pct,67.3
7837198734,/electrical/voltage,voltage_V,26.3925
7837198734,/electrical/current,current_A,0.97375
7837198734,/electrical/power,power_W,25.244
7837198734,/electrical/soc,soc_pct,67.7
7944270133,/electrical/voltage,voltage_V,26.3775
7944270133,/electrical/current,current_A,0.94650
7944270133,/electrical/power,power_W,25.581
7944270133,/electrical/soc,soc_pct,67.1
8050854921,/electrical/voltage,voltage_V,26.4200
8050854921,/electrical/current,current_A,0.94775
8050854921,/electrical/power,power_W,24.875
8050854921,/electrical/soc,soc_pct,68.7
8157144784,/electrical/voltage,voltage_V,26.3863
8157144784,/electrical/current,current_A,0.94350
8157144784,/electrical/power,power_W,25.406
8157144784,/electrical/soc,soc_pct,67.4
8262852907,/electrical/voltage,voltage_V,26.3800
8262852907,/electrical/current,current_A,0.94650
8262852907,/electrical/power,power_W,25.006
8262852907,/electrical/soc,soc_pct,67.2
8369548082,/electrical/voltage,voltage_V,26.3863
8369548082,/electrical/current,current_A,0.94775
8369548082,/electrical/power,power_W,24.763
8369548082,/electrical/soc,soc_pct,67.4
8476786851,/electrical/voltage,voltage_V,26.3925
8476786851,/electrical/current,current_A,0.94350
8476786851,/electrical/power,power_W,24.763
8476786851,/electrical/soc,soc_pct,67.7
8582213878,/electrical/voltage,voltage_V,26.3863
8582213878,/electrical/current,current_A,0.96250
8582213878,/electrical/power,power_W,24.988
8582213878,/electrical/soc,soc_pct,67.4
8689640998,/electrical/voltage,voltage_V,26.3987
8689640998,/electrical/current,current_A,0.94975
8689640998,/electrical/power,power_W,24.988
8689640998,/electrical/soc,soc_pct,67.9
8795671939,/electrical/voltage,voltage_V,26.3950
8795671939,/electrical/current,current_A,0.95225
8795671939,/electrical/power,power_W,25.469
8795671939,/electrical/soc,soc_pct,67.8
8902350902,/electrical/voltage,voltage_V,26.3775
8902350902,/electrical/current,current_A,0.94600
8902350902,/electrical/power,power_W,25.731
8902350902,/electrical/soc,soc_pct,67.1
9008668899,/electrical/voltage,voltage_V,26.4013
9008668899,/electrical/current,current_A,0.94475
9008668899,/electrical/power,power_W,24.906
9008668899,/electrical/soc,soc_pct,68.0
9115332841,/electrical/voltage,voltage_V,26.3863
9115332841,/electrical/current,current_A,0.96500
9115332841,/electrical/power,power_W,25.456
9115332841,/electrical/soc,soc_pct,67.4
9222604036,/electrical/voltage,voltage_V,26.4013
9222604036,/electrical/current,current_A,0.94775
9222604036,/electrical/power,power_W,24.850
9222604036,/electrical/soc,soc_pct,68.0
9328975915,/electrical/voltage,voltage_V,26.3675
9328975915,/electrical/current,current_A,0.94175
9328975915,/electrical/power,power_W,25.119
9328975915,/electrical/soc,soc_pct,66.7
9436102867,/electrical/voltage,voltage_V,26.3775
9436102867,/electrical/current,current_A,0.94975
9436102867,/electrical/power,power_W,25.081
9436102867,/electrical/soc,soc_pct,67.1
9542099952,/electrical/voltage,voltage_V,26.3738
9542099952,/electrical/current,current_A,0.94900
9542099952,/electrical/power,power_W,25.456
9542099952,/electrical/soc,soc_pct,67.0
9648468017,/electrical/voltage,voltage_V,26.3900
9648468017,/electrical/current,current_A,0.95700
9648468017,/electrical/power,power_W,25.344
9648468017,/electrical/soc,soc_pct,67.6
9754567861,/electrical/voltage,voltage_V,26.4075
9754567861,/electrical/current,current_A,0.96125
9754567861,/electrical/power,power_W,24.831
9754567861,/electrical/soc,soc_pct,68.2
9861278057,/electrical/voltage,voltage_V,26.3925
9861278057,/electrical/current,current_A,0.95650
9861278057,/electrical/power,power_W,25.050
9861278057,/electrical/soc,soc_pct,67.7
9968127012,/electrical/voltage,voltage_V,26.3863
9968127012,/electrical/current,current_A,0.94850
9968127012,/electrical/power,power_W,25.694
9968127012,/electrical/soc,soc_pct,67.4
10074954032,/electrical/voltage,voltage_V,26.3775
10074954032,/electrical/current,current_A,0.95325
10074954032,/electrical/power,power_W,25.019
10074954032,/electrical/soc,soc_pct,67.1
10181725025,/electrical/voltage,voltage_V,26.3863
10181725025,/electrical/current,current_A,0.95950
10181725025,/electrical/power,power_W,25.725
10181725025,/electrical/soc,soc_pct,67.4
10288852930,/electrical/voltage,voltage_V,26.3863
10288852930,/electrical/current,current_A,0.97850
10288852930,/electrical/power,power_W,25.613
10288852930,/electrical/soc,soc_pct,67.4
10395596027,/electrical/voltage,voltage_V,26.3562
10395596027,/electrical/current,current_A,0.96025
10395596027,/electrical/power,power_W,25.475
10395596027,/electrical/soc,soc_pct,66.3
10502385854,/electrical/voltage,voltage_V,26.3775
10502385854,/electrical/current,current_A,0.95275
10502385854,/electrical/power,power_W,25.019
10502385854,/electrical/soc,soc_pct,67.1
10608850955,/electrical/voltage,voltage_V,26.3775
10608850955,/electrical/current,current_A,0.95225
10608850955,/electrical/power,power_W,25.562
10608850955,/electrical/soc,soc_pct,67.1
10715656995,/electrical/voltage,voltage_V,26.3900
10715656995,/electrical/current,current_A,0.94050
10715656995,/electrical/power,power_W,24.781
10715656995,/electrical/soc,soc_pct,67.6
10821720123,/electrical/voltage,voltage_V,26.3900
10821720123,/electrical/current,current_A,0.95100
10821720123,/electrical/power,power_W,24.844
10821720123,/electrical/soc,soc_pct,67.6
10928925991,/electrical/voltage,voltage_V,26.3863
10928925991,/electrical/current,current_A,0.95525
10928925991,/electrical/power,power_W,24.913
10928925991,/electrical/soc,soc_pct,67.4
11035660982,/electrical/voltage,voltage_V,26.3800
11035660982,/electrical/current,current_A,0.94650
11035660982,/electrical/power,power_W,24.669
11035660982,/electrical/soc,soc_pct,67.2
11142073869,/electrical/voltage,voltage_V,26.3837
11142073869,/electrical/current,current_A,0.96075
11142073869,/electrical/power,power_W,25.538
11142073869,/electrical/soc,soc_pct,67.3
11248462915,/electrical/voltage,voltage_V,26.3775
11248462915,/electrical/current,current_A,0.94525
11248462915,/electrical/power,power_W,25.806
11248462915,/electrical/soc,soc_pct,67.1
11355415105,/electrical/voltage,voltage_V,26.3837
11355415105,/electrical/current,current_A,0.94100
11355415105,/electrical/power,power_W,24.700
11355415105,/electrical/soc,soc_pct,67.3
11462598800,/electrical/voltage,voltage_V,26.3800
11462598800,/electrical/current,current_A,0.93550
11462598800,/electrical/power,power_W,24.781
11462598800,/electrical/soc,soc_pct,67.2
11567752838,/electrical/voltage,voltage_V,26.3837
11567752838,/electrical/current,current_A,0.95400
11567752838,/electrical/power,power_W,24.975
11567752838,/electrical/soc,soc_pct,67.3
11674373865,/electrical/voltage,voltage_V,26.3925
11674373865,/electrical/current,current_A,0.95150
11674373865,/electrical/power,power_W,25.650
11674373865,/electrical/soc,soc_pct,67.7
11781213998,/electrical/voltage,voltage_V,26.3775
11781213998,/electrical/current,current_A,0.96025
11781213998,/electrical/power,power_W,24.925
11781213998,/electrical/soc,soc_pct,67.1
11887779712,/electrical/voltage,voltage_V,26.3987
11887779712,/electrical/current,current_A,0.95325
11887779712,/electrical/power,power_W,25.088
11887779712,/electrical/soc,soc_pct,67.9
11994887828,/electrical/voltage,voltage_V,26.3925
11994887828,/electrical/current,current_A,0.94475
11994887828,/electrical/power,power_W,25.119
11994887828,/electrical/soc,soc_pct,67.7
12101966857,/electrical/voltage,voltage_V,26.3738
12101966857,/electrical/current,current_A,0.95525
12101966857,/electrical/power,power_W,24.831
12101966857,/electrical/soc,soc_pct,67.0
12208561897,/electrical/voltage,voltage_V,26.4013
12208561897,/electrical/current,current_A,0.94900
12208561897,/electrical/power,power_W,24.875
12208561897,/electrical/soc,soc_pct,68.0
12315603017,/electrical/voltage,voltage_V,26.3863
12315603017,/electrical/current,current_A,0.94100
12315603017,/electrical/power,power_W,25.294
12315603017,/electrical/soc,soc_pct,67.4
12421782970,/electrical/voltage,voltage_V,26.3925
12421782970,/electrical/current,current_A,0.94350
12421782970,/electrical/power,power_W,25.331
12421782970,/electrical/soc,soc_pct,67.7
12528608083,/electrical/voltage,voltage_V,26.3950
12528608083,/electrical/current,current_A,0.97725
12528608083,/electrical/power,power_W,25.263
12528608083,/electrical/soc,soc_pct,67.8
12635095119,/electrical/voltage,voltage_V,26.3712
12635095119,/electrical/current,current_A,0.95100
12635095119,/electrical/power,power_W,25.438
12635095119,/electrical/soc,soc_pct,66.9
12741977930,/electrical/voltage,voltage_V,26.3800
12741977930,/electrical/current,current_A,0.97050
12741977930,/electrical/power,power_W,25.181
12741977930,/electrical/soc,soc_pct,67.2
12849004030,/electrical/voltage,voltage_V,26.3775
12849004030,/electrical/current,current_A,0.95575
12849004030,/electrical/power,power_W,24.944
12849004030,/electrical/soc,soc_pct,67.1
12956165790,/electrical/voltage,voltage_V,26.3800
12956165790,/electrical/current,current_A,0.95950
12956165790,/electrical/power,power_W,25.550
12956165790,/electrical/soc,soc_pct,67.2
13062278985,/electrical/voltage,voltage_V,26.4075
13062278985,/electrical/current,current_A,0.95950
13062278985,/electrical/power,power_W,24.850
13062278985,/electrical/soc,soc_pct,68.2
13169363975,/electrical/voltage,voltage_V,26.3837
13169363975,/electrical/current,current_A,0.95950
13169363975,/electrical/power,power_W,25.425
13169363975,/electrical/soc,soc_pct,67.3
13276170015,/electrical/voltage,voltage_V,26.3900
13276170015,/electrical/current,current_A,0.95025
13276170015,/electrical/power,power_W,25.006
13276170015,/electrical/soc,soc_pct,67.6
13382766723,/electrical/voltage,voltage_V,26.3675
13382766723,/electrical/current,current_A,0.96125
13382766723,/electrical/power,power_W,24.994
13382766723,/electrical/soc,soc_pct,66.7
13489313125,/electrical/voltage,voltage_V,26.3837
13489313125,/electrical/current,current_A,0.95525
13489313125,/electrical/power,power_W,25.219
13489313125,/electrical/soc,soc_pct,67.3
13596017837,/electrical/voltage,voltage_V,26.3900
13596017837,/electrical/current,current_A,0.96875
13596017837,/electrical/power,power_W,24.988
13596017837,/electrical/soc,soc_pct,67.6
13702816009,/electrical/voltage,voltage_V,26.3775
13702816009,/electrical/current,current_A,0.95225
13702816009,/electrical/power,power_W,25.200
13702816009,/electrical/soc,soc_pct,67.1
13808976888,/electrical/voltage,voltage_V,26.3837
13808976888,/electrical/current,current_A,0.95700
13808976888,/electrical/power,power_W,24.825
13808976888,/electrical/soc,soc_pct,67.3
13916147947,/electrical/voltage,voltage_V,26.3950
13916147947,/electrical/current,current_A,0.93550
13916147947,/electrical/power,power_W,24.619
13916147947,/electrical/soc,soc_pct,67.8
14022883892,/electrical/voltage,voltage_V,26.3900
14022883892,/electrical/current,current_A,0.95225
14022883892,/electrical/power,power_W,24.906
14022883892,/electrical/soc,soc_pct,67.6
14129528999,/electrical/voltage,voltage_V,26.3738
14129528999,/electrical/current,current_A,0.95400
14129528999,/electrical/power,power_W,25.019
14129528999,/electrical/soc,soc_pct,67.0
14236928939,/electrical/voltage,voltage_V,26.4013
14236928939,/electrical/current,current_A,0.94850
14236928939,/electrical/power,power_W,24.812
14236928939,/electrical/soc,soc_pct,68.0
14344099760,/electrical/voltage,voltage_V,26.3837
14344099760,/electrical/current,current_A,0.95275
14344099760,/electrical/power,power_W,25.006
14344099760,/electrical/soc,soc_pct,67.3
14451534032,/electrical/voltage,voltage_V,26.4013
14451534032,/electrical/current,current_A,0.94775
14451534032,/electrical/power,power_W,24.881
14451534032,/electrical/soc,soc_pct,68.0
14558650970,/electrical/voltage,voltage_V,26.4075
14558650970,/electrical/current,current_A,0.94225
14558650970,/electrical/power,power_W,24.906
14558650970,/electrical/soc,soc_pct,68.2
14665274858,/electrical/voltage,voltage_V,26.3987
14665274858,/electrical/current,current_A,0.96575
14665274858,/electrical/power,power_W,25.081
14665274858,/electrical/soc,soc_pct,67.9
14771747827,/electrical/voltage,voltage_V,26.3863
14771747827,/electrical/current,current_A,0.94650
14771747827,/electrical/power,power_W,24.800
14771747827,/electrical/soc,soc_pct,67.4
14879043102,/electrical/voltage,voltage_V,26.3863
14879043102,/electrical/current,current_A,0.95525
14879043102,/electrical/power,power_W,24.963
14879043102,/electrical/soc,soc_pct,67.4
14986093044,/electrical/voltage,voltage_V,26.3800
14986093044,/electrical/current,current_A,0.94100
14986093044,/electrical/power,power_W,25.356
14986093044,/electrical/soc,soc_pct,67.2
15093320846,/electrical/voltage,voltage_V,26.4050
15093320846,/electrical/current,current_A,0.96575
15093320846,/electrical/power,power_W,25.294
15093320846,/electrical/soc,soc_pct,68.1
15200014829,/electrical/voltage,voltage_V,26.3675
15200014829,/electrical/current,current_A,0.96825
15200014829,/electrical/power,power_W,25.388
15200014829,/electrical/soc,soc_pct,66.7
15307137012,/electrical/voltage,voltage_V,26.3950
15307137012,/electrical/current,current_A,0.95650
15307137012,/electrical/power,power_W,24.906
15307137012,/electrical/soc,soc_pct,67.8
15414407968,/electrical/voltage,voltage_V,26.4013
15414407968,/electrical/current,current_A,0.96325
15414407968,/electrical/power,power_W,25.019
15414407968,/electrical/soc,soc_pct,68.0
15521030902,/electrical/voltage,voltage_V,26.3950
15521030902,/electrical/current,current_A,0.94900
15521030902,/electrical/power,power_W,25.725
15521030902,/electrical/soc,soc_pct,67.8
15628122806,/electrical/voltage,voltage_V,26.4050
15628122806,/electrical/current,current_A,0.96875
15628122806,/electrical/power,power_W,25.231
15628122806,/electrical/soc,soc_pct,68.1
15734800815,/electrical/voltage,voltage_V,26.4013
15734800815,/electrical/current,current_A,0.96200
15734800815,/electrical/power,power_W,24.850
15734800815,/electrical/soc,soc_pct,68.0
15841778993,/electrical/voltage,voltage_V,26.3800
15841778993,/electrical/current,current_A,0.97725
15841778993,/electrical/power,power_W,25.312
15841778993,/electrical/soc,soc_pct,67.2
15949024915,/electrical/voltage,voltage_V,26.3800
15949024915,/electrical/current,current_A,0.95100
15949024915,/electrical/power,power_W,25.312
15949024915,/electrical/soc,soc_pct,67.2
16055301904,/electrical/voltage,voltage_V,26.3950
16055301904,/electrical/current,current_A,0.96750
16055301904,/electrical/power,power_W,25.294
16055301904,/electrical/soc,soc_pct,67.8
16162626981,/electrical/voltage,voltage_V,26.3900
16162626981,/electrical/current,current_A,0.95225
16162626981,/electrical/power,power_W,24.963
16162626981,/electrical/soc,soc_pct,67.6
16269754886,/electrical/voltage,voltage_V,26.3837
16269754886,/electrical/current,current_A,0.96075
16269754886,/electrical/power,power_W,25.219
16269754886,/electrical/soc,soc_pct,67.3
16376947879,/electrical/voltage,voltage_V,26.3775
16376947879,/electrical/current,current_A,0.94475
16376947879,/electrical/power,power_W,25.613
16376947879,/electrical/soc,soc_pct,67.1
16482368946,/electrical/voltage,voltage_V,26.3863
16482368946,/electrical/current,current_A,0.95450
16482368946,/electrical/power,power_W,25.331
16482368946,/electrical/soc,soc_pct,67.4
16589094877,/electrical/voltage,voltage_V,26.3987
16589094877,/electrical/current,current_A,0.96025
16589094877,/electrical/power,power_W,25.138
16589094877,/electrical/soc,soc_pct,67.9
16695603847,/electrical/voltage,voltage_V,26.3800
16695603847,/electrical/current,current_A,0.95950
16695603847,/electrical/power,power_W,25.025
16695603847,/electrical/soc,soc_pct,67.2
16802617788,/electrical/voltage,voltage_V,26.3950
16802617788,/electrical/current,current_A,0.95400
16802617788,/electrical/power,power_W,25.006
16802617788,/electrical/soc,soc_pct,67.8
16908636808,/electrical/voltage,voltage_V,26.3800
16908636808,/electrical/current,current_A,0.97550
16908636808,/electrical/power,power_W,25.106
16908636808,/electrical/soc,soc_pct,67.2
17015801906,/electrical/voltage,voltage_V,26.3900
17015801906,/electrical/current,current_A,0.95025
17015801906,/electrical/power,power_W,25.069
17015801906,/electrical/soc,soc_pct,67.6
17122092962,/electrical/voltage,voltage_V,26.3863
17122092962,/electrical/current,current_A,0.95100
17122092962,/electrical/power,power_W,25.006
17122092962,/electrical/soc,soc_pct,67.4
17229150056,/electrical/voltage,voltage_V,26.3900
17229150056,/electrical/current,current_A,0.94475
17229150056,/electrical/power,power_W,24.975
17229150056,/electrical/soc,soc_pct,67.6
17335811853,/electrical/voltage,voltage_V,26.3863
17335811853,/electrical/current,current_A,0.95650
17335811853,/electrical/power,power_W,24.781
17335811853,/electrical/soc,soc_pct,67.4
17442530155,/electrical/voltage,voltage_V,26.3712
17442530155,/electrical/current,current_A,0.95100
17442530155,/electrical/power,power_W,25.488
17442530155,/electrical/soc,soc_pct,66.9
17548715114,/electrical/voltage,voltage_V,26.4050
17548715114,/electrical/current,current_A,0.95400
17548715114,/electrical/power,power_W,24.844
17548715114,/electrical/soc,soc_pct,68.1
17656072854,/electrical/voltage,voltage_V,26.3863
17656072854,/electrical/current,current_A,0.94225
17656072854,/electrical/power,power_W,25.019
17656072854,/electrical/soc,soc_pct,67.4
17762506008,/electrical/voltage,voltage_V,26.3925
17762506008,/electrical/current,current_A,0.95025
17762506008,/electrical/power,power_W,25.131
17762506008,/electrical/soc,soc_pct,67.7
17867605924,/electrical/voltage,voltage_V,26.3837
17867605924,/electrical/current,current_A,0.95950
17867605924,/electrical/power,power_W,24.913
17867605924,/electrical/soc,soc_pct,67.3
17973386049,/electrical/voltage,voltage_V,26.3987
17973386049,/electrical/current,current_A,0.95400
17973386049,/electrical/power,power_W,26.294
17973386049,/electrical/soc,soc_pct,67.9
18079852104,/electrical/voltage,voltage_V,26.3863
18079852104,/electrical/current,current_A,0.94900
18079852104,/electrical/power,power_W,25.106
18079852104,/electrical/soc,soc_pct,67.4
18186794996,/electrical/voltage,voltage_V,26.3775
18186794996,/electrical/current,current_A,0.95525
18186794996,/electrical/power,power_W,24.719
18186794996,/electrical/soc,soc_pct,67.1
18293188810,/electrical/voltage,voltage_V,26.3837
18293188810,/electrical/current,current_A,0.96825
18293188810,/electrical/power,power_W,24.975
18293188810,/electrical/soc,soc_pct,67.3
18401381969,/electrical/voltage,voltage_V,26.3900
18401381969,/electrical/current,current_A,0.95450
18401381969,/electrical/power,power_W,25.100
18401381969,/electrical/soc,soc_pct,67.6
18507735967,/electrical/voltage,voltage_V,26.3925
18507735967,/electrical/current,current_A,0.96325
18507735967,/electrical/power,power_W,25.181
18507735967,/electrical/soc,soc_pct,67.7
18613808870,/electrical/voltage,voltage_V,26.3925
18613808870,/electrical/current,current_A,0.93750
18613808870,/electrical/power,power_W,25.744
18613808870,/electrical/soc,soc_pct,67.7
18720098018,/electrical/voltage,voltage_V,26.4050
18720098018,/electrical/current,current_A,0.94600
18720098018,/electrical/power,power_W,25.150
18720098018,/electrical/soc,soc_pct,68.1
18827352046,/electrical/voltage,voltage_V,26.4075
18827352046,/electrical/current,current_A,0.94975
18827352046,/electrical/power,power_W,24.913
18827352046,/electrical/soc,soc_pct,68.2
18933233976,/electrical/voltage,voltage_V,26.3900
18933233976,/electrical/current,current_A,0.95225
18933233976,/electrical/power,power_W,25.250
18933233976,/electrical/soc,soc_pct,67.6
19040545940,/electrical/voltage,voltage_V,26.3925
19040545940,/electrical/current,current_A,0.95150
19040545940,/electrical/power,power_W,25.419
19040545940,/electrical/soc,soc_pct,67.7
19147758722,/electrical/voltage,voltage_V,26.3562
19147758722,/electrical/current,current_A,0.97250
19147758722,/electrical/power,power_W,25.356
19147758722,/electrical/soc,soc_pct,66.3
19254256963,/electrical/voltage,voltage_V,26.3775
19254256963,/electrical/current,current_A,0.96375
19254256963,/electrical/power,power_W,24.906
19254256963,/electrical/soc,soc_pct,67.1
19361488819,/electrical/voltage,voltage_V,26.3950
19361488819,/electrical/current,current_A,0.94850
19361488819,/electrical/power,power_W,25.081
19361488819,/electrical/soc,soc_pct,67.8
19468725919,/electrical/voltage,voltage_V,26.3950
19468725919,/electrical/current,current_A,0.96025
19468725919,/electrical/power,power_W,25.081
19468725919,/electrical/soc,soc_pct,67.8
19575322866,/electrical/voltage,voltage_V,26.3837
19575322866,/electrical/current,current_A,0.95025
19575322866,/electrical/power,power_W,25.581
19575322866,/electrical/soc,soc_pct,67.3
19681936979,/electrical/voltage,voltage_V,26.3987
19681936979,/electrical/current,current_A,0.95325
19681936979,/electrical/power,power_W,25.038
19681936979,/electrical/soc,soc_pct,67.9
19788330078,/electrical/voltage,voltage_V,26.3837
19788330078,/electrical/current,current_A,0.93975
19788330078,/electrical/power,power_W,25.056
19788330078,/electrical/soc,soc_pct,67.3
19895556926,/electrical/voltage,voltage_V,26.3900
19895556926,/electrical/current,current_A,0.94850
19895556926,/electrical/power,power_W,25.406
19895556926,/electrical/soc,soc_pct,67.6
20002894163,/electrical/voltage,voltage_V,26.3863
20002894163,/electrical/current,current_A,0.94550
20002894163,/electrical/power,power_W,24.925
20002894163,/electrical/soc,soc_pct,67.4
20108592987,/electrical/voltage,voltage_V,26.3950
20108592987,/electrical/current,current_A,0.95225
20108592987,/electrical/power,power_W,25.250
20108592987,/electrical/soc,soc_pct,67.8
20215175867,/electrical/voltage,voltage_V,26.3837
20215175867,/electrical/current,current_A,0.94350
20215175867,/electrical/power,power_W,24.844
20215175867,/electrical/soc,soc_pct,67.3
20322103023,/electrical/voltage,voltage_V,26.3863
20322103023,/electrical/current,current_A,0.95325
20322103023,/electrical/power,power_W,25.375
20322103023,/electrical/soc,soc_pct,67.4
20428785800,/electrical/voltage,voltage_V,26.3800
20428785800,/electrical/current,current_A,0.95575
20428785800,/electrical/power,power_W,25.150
20428785800,/electrical/soc,soc_pct,67.2
20535810947,/electrical/voltage,voltage_V,26.3987
20535810947,/electrical/current,current_A,0.93925
20535810947,/electrical/power,power_W,24.994
20535810947,/electrical/soc,soc_pct,67.9
20642300844,/electrical/voltage,voltage_V,26.3650
20642300844,/electrical/current,current_A,0.95700
20642300844,/electrical/power,power_W,24.975
20642300844,/electrical/soc,soc_pct,66.7
20748872995,/electrical/voltage,voltage_V,26.3987
20748872995,/electrical/current,current_A,0.96375
20748872995,/electrical/power,power_W,25.244
20748872995,/electrical/soc,soc_pct,67.9
20855781793,/electrical/voltage,voltage_V,26.3925
20855781793,/electrical/current,current_A,0.94975
20855781793,/electrical/power,power_W,25.025
20855781793,/electrical/soc,soc_pct,67.7
20962309837,/electrical/voltage,voltage_V,26.3562
20962309837,/electrical/current,current_A,0.94350
20962309837,/electrical/power,power_W,25.250
20962309837,/electrical/soc,soc_pct,66.3
21068470954,/electrical/voltage,voltage_V,26.4013
21068470954,/electrical/current,current_A,0.94775
21068470954,/electrical/power,power_W,24.781
21068470954,/electrical/soc,soc_pct,68.0
21175474882,/electrical/voltage,voltage_V,26.4075
21175474882,/electrical/current,current_A,0.97975
21175474882,/electrical/power,power_W,25.406
21175474882,/electrical/soc,soc_pct,68.2
21281507015,/electrical/voltage,voltage_V,26.3900
21281507015,/electrical/current,current_A,0.96325
21281507015,/electrical/power,power_W,25.875
21281507015,/electrical/soc,soc_pct,67.6
21388042926,/electrical/voltage,voltage_V,26.3900
21388042926,/electrical/current,current_A,0.95150
21388042926,/electrical/power,power_W,24.963
21388042926,/electrical/soc,soc_pct,67.6
21494819164,/electrical/voltage,voltage_V,26.3837
21494819164,/electrical/current,current_A,0.95700
21494819164,/electrical/power,power_W,24.994
21494819164,/electrical/soc,soc_pct,67.3
21601835012,/electrical/voltage,voltage_V,26.3800
21601835012,/electrical/current,current_A,0.95950
21601835012,/electrical/power,power_W,25.006
21601835012,/electrical/soc,soc_pct,67.2
21708803176,/electrical/voltage,voltage_V,26.3800
21708803176,/electrical/current,current_A,0.94775
21708803176,/electrical/power,power_W,25.219
21708803176,/electrical/soc,soc_pct,67.2
21815584897,/electrical/voltage,voltage_V,26.3800
21815584897,/electrical/current,current_A,1.03650
21815584897,/electrical/power,power_W,26.613
21815584897,/electrical/soc,soc_pct,67.2
21923004865,/electrical/voltage,voltage_V,26.3712
21923004865,/electrical/current,current_A,1.04325
21923004865,/electrical/power,power_W,27.300
21923004865,/electrical/soc,soc_pct,66.9
22028914928,/electrical/voltage,voltage_V,26.3800
22028914928,/electrical/current,current_A,1.09475
22028914928,/electrical/power,power_W,28.806
22028914928,/electrical/soc,soc_pct,67.2
22135388851,/electrical/voltage,voltage_V,26.3738
22135388851,/electrical/current,current_A,1.12925
22135388851,/electrical/power,power_W,29.244
22135388851,/electrical/soc,soc_pct,67.0
22242305040,/electrical/voltage,voltage_V,26.3500
22242305040,/electrical/current,current_A,1.15150
22242305040,/electrical/power,power_W,29.769
22242305040,/electrical/soc,soc_pct,66.1
22348775863,/electrical/voltage,voltage_V,26.3588
22348775863,/electrical/current,current_A,1.07200
22348775863,/electrical/power,power_W,28.169
22348775863,/electrical/soc,soc_pct,66.4
22455502033,/electrical/voltage,voltage_V,26.3800
22455502033,/electrical/current,current_A,0.98300
22455502033,/electrical/power,power_W,26.094
22455502033,/electrical/soc,soc_pct,67.2
22562530994,/electrical/voltage,voltage_V,26.3900
22562530994,/electrical/current,current_A,0.97500
22562530994,/electrical/power,power_W,26.044
22562530994,/electrical/soc,soc_pct,67.6
22668941974,/electrical/voltage,voltage_V,26.3900
22668941974,/electrical/current,current_A,0.98975
22668941974,/electrical/power,power_W,25.825
22668941974,/electrical/soc,soc_pct,67.6
22775695800,/electrical/voltage,voltage_V,26.3863
22775695800,/electrical/current,current_A,1.01600
22775695800,/electrical/power,power_W,26.125
22775695800,/electrical/soc,soc_pct,67.4
22882371902,/electrical/voltage,voltage_V,26.3900
22882371902,/electrical/current,current_A,1.00125
22882371902,/electrical/power,power_W,27.138
22882371902,/electrical/soc,soc_pct,67.6
22989373922,/electrical/voltage,voltage_V,26.3775
22989373922,/electrical/current,current_A,1.02725
22989373922,/electrical/power,power_W,26.175
22989373922,/electrical/soc,soc_pct,67.1
23095118045,/electrical/voltage,voltage_V,26.3837
23095118045,/electrical/current,current_A,1.01725
23095118045,/electrical/power,power_W,26.800
23095118045,/electrical/soc,soc_pct,67.3
23202254772,/electrical/voltage,voltage_V,26.4112
23202254772,/electrical/current,current_A,0.98975
23202254772,/electrical/power,power_W,25.775
23202254772,/electrical/soc,soc_pct,68.4
23308729171,/electrical/voltage,voltage_V,26.3500
23308729171,/electrical/current,current_A,0.98525
23308729171,/electrical/power,power_W,25.856
23308729171,/electrical/soc,soc_pct,66.1
23415988922,/electrical/voltage,voltage_V,26.4013
23415988922,/electrical/current,current_A,0.97500
23415988922,/electrical/power,power_W,25.788
23415988922,/electrical/soc,soc_pct,68.0
23521762132,/electrical/voltage,voltage_V,26.3738
23521762132,/electrical/current,current_A,0.98400
23521762132,/electrical/power,power_W,25.812
23521762132,/electrical/soc,soc_pct,67.0
23628785848,/electrical/voltage,voltage_V,26.3675
23628785848,/electrical/current,current_A,1.00325
23628785848,/electrical/power,power_W,27.206
23628785848,/electrical/soc,soc_pct,66.7
23734810829,/electrical/voltage,voltage_V,26.4387
23734810829,/electrical/current,current_A,1.02775
23734810829,/electrical/power,power_W,26.306
23734810829,/electrical/soc,soc_pct,69.4
23840963840,/electrical/voltage,voltage_V,26.3900
23840963840,/electrical/current,current_A,0.98225
23840963840,/electrical/power,power_W,26.256
23840963840,/electrical/soc,soc_pct,67.6
23948107957,/electrical/voltage,voltage_V,26.3863
23948107957,/electrical/current,current_A,0.97500
23948107957,/electrical/power,power_W,26.113
23948107957,/electrical/soc,soc_pct,67.4
24054872035,/electrical/voltage,voltage_V,26.3863
24054872035,/electrical/current,current_A,0.97725
24054872035,/electrical/power,power_W,25.812
24054872035,/electrical/soc,soc_pct,67.4
24161966800,/electrical/voltage,voltage_V,26.4013
24161966800,/electrical/current,current_A,0.99825
24161966800,/electrical/power,power_W,25.888
24161966800,/electrical/soc,soc_pct,68.0
24268254995,/electrical/voltage,voltage_V,26.3900
24268254995,/electrical/current,current_A,0.99200
24268254995,/electrical/power,power_W,25.900
24268254995,/electrical/soc,soc_pct,67.6
24375077962,/electrical/voltage,voltage_V,26.3837
24375077962,/electrical/current,current_A,0.99150
24375077962,/electrical/power,power_W,25.950
24375077962,/electrical/soc,soc_pct,67.3
24482580900,/electrical/voltage,voltage_V,26.3863
24482580900,/electrical/current,current_A,0.98650
24482580900,/electrical/power,power_W,26.788
24482580900,/electrical/soc,soc_pct,67.4
24588778018,/electrical/voltage,voltage_V,26.3837
24588778018,/electrical/current,current_A,0.99025
24588778018,/electrical/power,power_W,26.013
24588778018,/electrical/soc,soc_pct,67.3
24695993185,/electrical/voltage,voltage_V,26.3900
24695993185,/electrical/current,current_A,0.99325
24695993185,/electrical/power,power_W,26.894
24695993185,/electrical/soc,soc_pct,67.6
24803057909,/electrical/voltage,voltage_V,26.3863
24803057909,/electrical/current,current_A,0.97925
24803057909,/electrical/power,power_W,25.888
24803057909,/electrical/soc,soc_pct,67.4
24910552024,/electrical/voltage,voltage_V,26.3900
24910552024,/electrical/current,current_A,0.97975
24910552024,/electrical/power,power_W,26.131
24910552024,/electrical/soc,soc_pct,67.6
25016253948,/electrical/voltage,voltage_V,26.3800
25016253948,/electrical/current,current_A,0.97375
25016253948,/electrical/power,power_W,26.413
25016253948,/electrical/soc,soc_pct,67.2
25123337984,/electrical/voltage,voltage_V,26.3738
25123337984,/electrical/current,current_A,0.98475
25123337984,/electrical/power,power_W,26.325
25123337984,/electrical/soc,soc_pct,67.0
25229787826,/electrical/voltage,voltage_V,26.3950
25229787826,/electrical/current,current_A,1.00325
25229787826,/electrical/power,power_W,26.663
25229787826,/electrical/soc,soc_pct,67.8
25336797952,/electrical/voltage,voltage_V,26.3950
25336797952,/electrical/current,current_A,0.97600
25336797952,/electrical/power,power_W,25.825
25336797952,/electrical/soc,soc_pct,67.8
25443215847,/electrical/voltage,voltage_V,26.3800
25443215847,/electrical/current,current_A,1.00575
25443215847,/electrical/power,power_W,26.469
25443215847,/electrical/soc,soc_pct,67.2
25550243854,/electrical/voltage,voltage_V,26.3837
25550243854,/electrical/current,current_A,1.00250
25550243854,/electrical/power,power_W,26.481
25550243854,/electrical/soc,soc_pct,67.3
25657160997,/electrical/voltage,voltage_V,26.3588
25657160997,/electrical/current,current_A,1.02900
25657160997,/electrical/power,power_W,27.250
25657160997,/electrical/soc,soc_pct,66.4
25763304948,/electrical/voltage,voltage_V,26.3863
25763304948,/electrical/current,current_A,1.03200
25763304948,/electrical/power,power_W,26.950
25763304948,/electrical/soc,soc_pct,67.4
25870323896,/electrical/voltage,voltage_V,26.3588
25870323896,/electrical/current,current_A,1.18575
25870323896,/electrical/power,power_W,31.562
25870323896,/electrical/soc,soc_pct,66.4
25977209091,/electrical/voltage,voltage_V,26.3562
25977209091,/electrical/current,current_A,1.18350
25977209091,/electrical/power,power_W,31.562
25977209091,/electrical/soc,soc_pct,66.3
26083286046,/electrical/voltage,voltage_V,26.3712
26083286046,/electrical/current,current_A,1.20125
26083286046,/electrical/power,power_W,31.488
26083286046,/electrical/soc,soc_pct,66.9
26189738035,/electrical/voltage,voltage_V,26.3775
26189738035,/electrical/current,current_A,1.19075
26189738035,/electrical/power,power_W,31.763
26189738035,/electrical/soc,soc_pct,67.1
26295665979,/electrical/voltage,voltage_V,26.3675
26295665979,/electrical/current,current_A,1.20850
26295665979,/electrical/power,power_W,32.188
26295665979,/electrical/soc,soc_pct,66.7
26402265787,/electrical/voltage,voltage_V,26.3588
26402265787,/electrical/current,current_A,1.18275
26402265787,/electrical/power,power_W,31.025
26402265787,/electrical/soc,soc_pct,66.4
26508955955,/electrical/voltage,voltage_V,26.3525
26508955955,/electrical/current,current_A,1.19200
26508955955,/electrical/power,power_W,31.600
26508955955,/electrical/soc,soc_pct,66.2
26616034984,/electrical/voltage,voltage_V,26.3375
26616034984,/electrical/current,current_A,1.21725
26616034984,/electrical/power,power_W,31.850
26616034984,/electrical/soc,soc_pct,65.6
26723259925,/electrical/voltage,voltage_V,26.3800
26723259925,/electrical/current,current_A,1.18775
26723259925,/electrical/power,power_W,31.325
26723259925,/electrical/soc,soc_pct,67.2
26829319953,/electrical/voltage,voltage_V,26.3650
26829319953,/electrical/current,current_A,1.18350
26829319953,/electrical/power,power_W,31.338
26829319953,/electrical/soc,soc_pct,66.7
26936529874,/electrical/voltage,voltage_V,26.3613
26936529874,/electrical/current,current_A,1.16850
26936529874,/electrical/power,power_W,31.519
26936529874,/electrical/soc,soc_pct,66.5
27042350769,/electrical/voltage,voltage_V,26.3562
27042350769,/electrical/current,current_A,1.21525
27042350769,/electrical/power,power_W,31.731
27042350769,/electrical/soc,soc_pct,66.3
27149427890,/electrical/voltage,voltage_V,26.3650
27149427890,/electrical/current,current_A,1.19200
27149427890,/electrical/power,power_W,31.406
27149427890,/electrical/soc,soc_pct,66.7
27256577014,/electrical/voltage,voltage_V,26.3525
27256577014,/electrical/current,current_A,1.23800
27256577014,/electrical/power,power_W,31.806
27256577014,/electrical/soc,soc_pct,66.2
27362241029,/electrical/voltage,voltage_V,26.3738
27362241029,/electrical/current,current_A,1.19200
27362241029,/electrical/power,power_W,31.594
27362241029,/electrical/soc,soc_pct,67.0
27469154119,/electrical/voltage,voltage_V,26.3525
27469154119,/electrical/current,current_A,1.28125
27469154119,/electrical/power,power_W,33.631
27469154119,/electrical/soc,soc_pct,66.2
27575832843,/electrical/voltage,voltage_V,26.3562
27575832843,/electrical/current,current_A,1.29150
27575832843,/electrical/power,power_W,33.619
27575832843,/electrical/soc,soc_pct,66.3
27682168960,/electrical/voltage,voltage_V,26.3588
27682168960,/electrical/current,current_A,1.28250
27682168960,/electrical/power,power_W,34.038
27682168960,/electrical/soc,soc_pct,66.4
27788686752,/electrical/voltage,voltage_V,26.3613
27788686752,/electrical/current,current_A,1.19025
27788686752,/electrical/power,power_W,31.581
27788686752,/electrical/soc,soc_pct,66.5
27895407915,/electrical/voltage,voltage_V,26.3675
27895407915,/electrical/current,current_A,1.20850
27895407915,/electrical/power,power_W,31.744
27895407915,/electrical/soc,soc_pct,66.7
28001291036,/electrical/voltage,voltage_V,26.3500
28001291036,/electrical/current,current_A,1.19925
28001291036,/electrical/power,power_W,32.156
28001291036,/electrical/soc,soc_pct,66.1
28108388900,/electrical/voltage,voltage_V,26.3525
28108388900,/electrical/current,current_A,1.20725
28108388900,/electrical/power,power_W,31.538
28108388900,/electrical/soc,soc_pct,66.2
28215651750,/electrical/voltage,voltage_V,26.3675
28215651750,/electrical/current,current_A,1.21100
28215651750,/electrical/power,power_W,32.331
28215651750,/electrical/soc,soc_pct,66.7
28321761131,/electrical/voltage,voltage_V,26.3375
28321761131,/electrical/current,current_A,1.19500
28321761131,/electrical/power,power_W,31.469
28321761131,/electrical/soc,soc_pct,65.6
28428788900,/electrical/voltage,voltage_V,26.3338
28428788900,/electrical/current,current_A,1.20300
28428788900,/electrical/power,power_W,31.694
28428788900,/electrical/soc,soc_pct,65.5
28535596132,/electrical/voltage,voltage_V,26.3375
28535596132,/electrical/current,current_A,1.22025
28535596132,/electrical/power,power_W,31.650
28535596132,/electrical/soc,soc_pct,65.6
28642081022,/electrical/voltage,voltage_V,26.3500
28642081022,/electrical/current,current_A,1.20925
28642081022,/electrical/power,power_W,32.306
28642081022,/electrical/soc,soc_pct,66.1
28749339818,/electrical/voltage,voltage_V,26.3738
28749339818,/electrical/current,current_A,1.27750
28749339818,/electrical/power,power_W,33.750
28749339818,/electrical/soc,soc_pct,67.0
28855611801,/electrical/voltage,voltage_V,26.3525
28855611801,/electrical/current,current_A,1.27325
28855611801,/electrical/power,power_W,33.638
28855611801,/electrical/soc,soc_pct,66.2
28962244749,/electrical/voltage,voltage_V,26.3500
28962244749,/electrical/current,current_A,1.30150
28962244749,/electrical/power,power_W,33.700
28962244749,/electrical/soc,soc_pct,66.1
29068928956,/electrical/voltage,voltage_V,26.3738
29068928956,/electrical/current,current_A,1.17725
29068928956,/electrical/power,power_W,31.756
29068928956,/electrical/soc,soc_pct,67.0
29175477981,/electrical/voltage,voltage_V,26.3675
29175477981,/electrical/current,current_A,1.20300
29175477981,/electrical/power,power_W,31.469
29175477981,/electrical/soc,soc_pct,66.7
29281517982,/electrical/voltage,voltage_V,26.3650
29281517982,/electrical/current,current_A,1.18950
29281517982,/electrical/power,power_W,31.312
29281517982,/electrical/soc,soc_pct,66.7
29388867139,/electrical/voltage,voltage_V,26.3800
29388867139,/electrical/current,current_A,1.20625
29388867139,/electrical/power,power_W,31.706
29388867139,/electrical/soc,soc_pct,67.2
29495980024,/electrical/voltage,voltage_V,26.3588
29495980024,/electrical/current,current_A,1.19825
29495980024,/electrical/power,power_W,32.419
29495980024,/electrical/soc,soc_pct,66.4
29601895809,/electrical/voltage,voltage_V,26.3500
29601895809,/electrical/current,current_A,1.19250
29601895809,/electrical/power,power_W,31.538
29601895809,/electrical/soc,soc_pct,66.1
29708471059,/electrical/voltage,voltage_V,26.3613
29708471059,/electrical/current,current_A,1.19325
29708471059,/electrical/power,power_W,31.356
29708471059,/electrical/soc,soc_pct,66.5
29815315008,/electrical/voltage,voltage_V,26.3712
29815315008,/electrical/current,current_A,1.17900
29815315008,/electrical/power,power_W,31.969
29815315008,/electrical/soc,soc_pct,66.9
29922222852,/electrical/voltage,voltage_V,26.3463
29922222852,/electrical/current,current_A,1.18825
29922222852,/electrical/power,power_W,31.281
29922222852,/electrical/soc,soc_pct,66.0
30028952121,/electrical/voltage,voltage_V,26.3588
30028952121,/electrical/current,current_A,1.18775
30028952121,/electrical/power,power_W,31.631
30028952121,/electrical/soc,soc_pct,66.4
30134853839,/electrical/voltage,voltage_V,26.3525
30134853839,/electrical/current,current_A,1.19125
30134853839,/electrical/power,power_W,31.550
30134853839,/electrical/soc,soc_pct,66.2
30241971015,/electrical/voltage,voltage_V,26.3562
30241971015,/electrical/current,current_A,1.21225
30241971015,/electrical/power,power_W,31.794
30241971015,/electrical/soc,soc_pct,66.3
30349029779,/electrical/voltage,voltage_V,26.3650
30349029779,/electrical/current,current_A,1.22025
30349029779,/electrical/power,power_W,31.488
30349029779,/electrical/soc,soc_pct,66.7
30454964876,/electrical/voltage,voltage_V,26.3738
30454964876,/electrical/current,current_A,1.19375
30454964876,/electrical/power,power_W,32.050
30454964876,/electrical/soc,soc_pct,67.0
30562194824,/electrical/voltage,voltage_V,26.3837
30562194824,/electrical/current,current_A,1.19250
30562194824,/electrical/power,power_W,31.931
30562194824,/electrical/soc,soc_pct,67.3
30669825077,/electrical/voltage,voltage_V,26.3588
30669825077,/electrical/current,current_A,1.18700
30669825077,/electrical/power,power_W,31.213
30669825077,/electrical/soc,soc_pct,66.4
30775694847,/electrical/voltage,voltage_V,26.3675
30775694847,/electrical/current,current_A,1.19500
30775694847,/electrical/power,power_W,31.531
30775694847,/electrical/soc,soc_pct,66.7
30881525993,/electrical/voltage,voltage_V,26.3712
30881525993,/electrical/current,current_A,1.19075
30881525993,/electrical/power,power_W,32.094
30881525993,/electrical/soc,soc_pct,66.9
30988804817,/electrical/voltage,voltage_V,26.3613
30988804817,/electrical/current,current_A,1.20675
30988804817,/electrical/power,power_W,31.613
30988804817,/electrical/soc,soc_pct,66.5
31095474958,/electrical/voltage,voltage_V,26.3500
31095474958,/electrical/current,current_A,1.19500
31095474958,/electrical/power,power_W,31.450
31095474958,/electrical/soc,soc_pct,66.1
31202770948,/electrical/voltage,voltage_V,26.3900
31202770948,/electrical/current,current_A,1.18650
31202770948,/electrical/power,power_W,31.731
31202770948,/electrical/soc,soc_pct,67.6
31308643102,/electrical/voltage,voltage_V,26.3588
31308643102,/electrical/current,current_A,1.19825
31308643102,/electrical/power,power_W,31.613
31308643102,/electrical/soc,soc_pct,66.4
31415016889,/electrical/voltage,voltage_V,26.3613
31415016889,/electrical/current,current_A,1.19325
31415016889,/electrical/power,power_W,31.981
31415016889,/electrical/soc,soc_pct,66.5
31522180795,/electrical/voltage,voltage_V,26.3738
31522180795,/electrical/current,current_A,1.21525
31522180795,/electrical/power,power_W,31.619
31522180795,/electrical/soc,soc_pct,67.0
31628875970,/electrical/voltage,voltage_V,26.3712
31628875970,/electrical/current,current_A,1.20250
31628875970,/electrical/power,power_W,31.550
31628875970,/electrical/soc,soc_pct,66.9
31735177040,/electrical/voltage,voltage_V,26.3675
31735177040,/electrical/current,current_A,1.19200
31735177040,/electrical/power,power_W,31.181
31735177040,/electrical/soc,soc_pct,66.7
31841976165,/electrical/voltage,voltage_V,26.3675
31841976165,/electrical/current,current_A,1.20425
31841976165,/electrical/power,power_W,31.613
31841976165,/electrical/soc,soc_pct,66.7
31949125766,/electrical/voltage,voltage_V,26.3562
31949125766,/electrical/current,current_A,1.19125
31949125766,/electrical/power,power_W,31.856
31949125766,/electrical/soc,soc_pct,66.3
32056188821,/electrical/voltage,voltage_V,26.3738
32056188821,/electrical/current,current_A,1.18575
32056188821,/electrical/power,power_W,31.281
32056188821,/electrical/soc,soc_pct,67.0
32162291049,/electrical/voltage,voltage_V,26.3650
32162291049,/electrical/current,current_A,1.21175
32162291049,/electrical/power,power_W,31.056
32162291049,/electrical/soc,soc_pct,66.7
32269038915,/electrical/voltage,voltage_V,26.3650
32269038915,/electrical/current,current_A,1.18225
32269038915,/electrical/power,power_W,31.250
32269038915,/electrical/soc,soc_pct,66.7
32375450849,/electrical/voltage,voltage_V,26.3675
32375450849,/electrical/current,current_A,1.21425
32375450849,/electrical/power,power_W,31.425
32375450849,/electrical/soc,soc_pct,66.7
32482353925,/electrical/voltage,voltage_V,26.3525
32482353925,/electrical/current,current_A,1.19200
32482353925,/electrical/power,power_W,31.675
32482353925,/electrical/soc,soc_pct,66.2
32589477777,/electrical/voltage,voltage_V,26.3463
32589477777,/electrical/current,current_A,1.21900
32589477777,/electrical/power,power_W,31.838
32589477777,/electrical/soc,soc_pct,66.0
32695455074,/electrical/voltage,voltage_V,26.3613
32695455074,/electrical/current,current_A,1.21725
32695455074,/electrical/power,power_W,31.775
32695455074,/electrical/soc,soc_pct,66.5
32801775932,/electrical/voltage,voltage_V,26.3613
32801775932,/electrical/current,current_A,1.18100
32801775932,/electrical/power,power_W,31.744
32801775932,/electrical/soc,soc_pct,66.5
32908995866,/electrical/voltage,voltage_V,26.3562
32908995866,/electrical/current,current_A,1.19075
32908995866,/electrical/power,power_W,32.513
32908995866,/electrical/soc,soc_pct,66.3
33015939712,/electrical/voltage,voltage_V,26.3863
33015939712,/electrical/current,current_A,1.18400
33015939712,/electrical/power,power_W,31.775
33015939712,/electrical/soc,soc_pct,67.4
33122681140,/electrical/voltage,voltage_V,26.3463
33122681140,/electrical/current,current_A,1.16425
33122681140,/electrical/power,power_W,31.538
33122681140,/electrical/soc,soc_pct,66.0
33228789091,/electrical/voltage,voltage_V,26.3400
33228789091,/electrical/current,current_A,1.19875
33228789091,/electrical/power,power_W,31.963
33228789091,/electrical/soc,soc_pct,65.7
33335503816,/electrical/voltage,voltage_V,26.3562
33335503816,/electrical/current,current_A,1.21175
33335503816,/electrical/power,power_W,31.613
33335503816,/electrical/soc,soc_pct,66.3
33442022800,/electrical/voltage,voltage_V,26.3650
33442022800,/electrical/current,current_A,1.22025
33442022800,/electrical/power,power_W,31.938
33442022800,/electrical/soc,soc_pct,66.7
33549510955,/electrical/voltage,voltage_V,26.3800
33549510955,/electrical/current,current_A,1.21650
33549510955,/electrical/power,power_W,31.950
33549510955,/electrical/soc,soc_pct,67.2
33656383037,/electrical/voltage,voltage_V,26.3588
33656383037,/electrical/current,current_A,1.20850
33656383037,/electrical/power,power_W,31.838
33656383037,/electrical/soc,soc_pct,66.4
33762746810,/electrical/voltage,voltage_V,26.3525
33762746810,/electrical/current,current_A,1.21100
33762746810,/electrical/power,power_W,32.000
33762746810,/electrical/soc,soc_pct,66.2
33869801998,/electrical/voltage,voltage_V,26.3338
33869801998,/electrical/current,current_A,1.21225
33869801998,/electrical/power,power_W,32.094
33869801998,/electrical/soc,soc_pct,65.5
33977063894,/electrical/voltage,voltage_V,26.3650
33977063894,/electrical/current,current_A,1.20850
33977063894,/electrical/power,power_W,32.212
33977063894,/electrical/soc,soc_pct,66.7
34084203004,/electrical/voltage,voltage_V,26.3562
34084203004,/electrical/current,current_A,1.21100
34084203004,/electrical/power,power_W,32.331
34084203004,/electrical/soc,soc_pct,66.3
34191317081,/electrical/voltage,voltage_V,26.3463
34191317081,/electrical/current,current_A,1.21600
34191317081,/electrical/power,power_W,32.019
34191317081,/electrical/soc,soc_pct,66.0
